# # Name,E_Field_X,E_Field_Y,E_Field_Z,Energy,Dipole_Moment_z,Polarizability_zz,Hyperpolarizability_zzz,Derivative_order_1_number_points_3_step_1_Dipole_Moment_z_div_E_Field_Z,Derivative_order_1_number_points_3_step_2_Dipole_Moment_z_div_E_Field_Z,Derivative_order_1_number_points_3_step_3_Dipole_Moment_z_div_E_Field_Z,Derivative_order_1_number_points_3_step_4_Dipole_Moment_z_div_E_Field_Z,Derivative_order_1_number_points_3_step_5_Dipole_Moment_z_div_E_Field_Z,Derivative_order_1_number_points_5_step_1_Dipole_Moment_z_div_E_Field_Z,Derivative_order_1_number_points_5_step_2_Dipole_Moment_z_div_E_Field_Z,Derivative_order_1_number_points_5_step_3_Dipole_Moment_z_div_E_Field_Z,Derivative_order_2_number_points_3_step_1_Dipole_Moment_z_div_E_Field_Z,Derivative_order_2_number_points_3_step_2_Dipole_Moment_z_div_E_Field_Z,Derivative_order_2_number_points_3_step_3_Dipole_Moment_z_div_E_Field_Z,Derivative_order_2_number_points_3_step_4_Dipole_Moment_z_div_E_Field_Z
lib_bnnt_M062X_Z-48.FChk,0.0,0.0,-0.0004800000000000002,-1286.938565833217,1.809662726320252,367.279941193813,-2901.486469906116,nan,nan,nan,nan,nan,nan,nan,nan,nan,nan,nan,nan
lib_bnnt_M062X_Z-47.FChk,0.0,0.0,-0.0004700000000000002,-1286.938547754912,1.805990071822592,367.2509728324576,-2892.426912034659,-367.2509875356499675,nan,nan,nan,nan,nan,nan,nan,2892.4460699990788763,nan,nan,nan
lib_bnnt_M062X_Z-46.FChk,0.0,0.0,-0.0004600000000000002,-1286.938529713534,1.802317706569539,367.2220873068306,-2885.016594060996,-367.22209678719997134,-367.22213242207497005,nan,nan,nan,-367.2220849089083015,nan,nan,2885.7036200001513142,2885.5113574997431978,nan,nan
lib_bnnt_M062X_Z-45.FChk,0.0,0.0,-0.0004500000000000002,-1286.938511708588,1.798645629886848,367.1932667965269,-2879.422795144092,-367.19327730849997263,-367.1932969073249715,-367.19333496541665665,nan,nan,-367.19327077555830363,nan,nan,2878.1921199995912868,2879.987987499982001,2880.8543144443972521,nan
lib_bnnt_M062X_Z-44.FChk,0.0,0.0,-0.0004400000000000002,-1286.9384937405,1.794973841023369,367.1644921634656,-2875.818952458195,-367.1644970274499717,-367.16450868029997012,-367.16452860009999176,-367.16455484777496987,nan,-367.16449314316663527,-367.16449329114163866,nan,2877.8640900005941168,2876.8628200002516804,2877.647155555649937,2878.878715000009322
lib_bnnt_M062X_Z-43.FChk,0.0,0.0,-0.0004300000000000002,-1286.938475809181,1.791302339946299,367.1357430530618,-2874.409263384374,-367.1357400520999676,-367.1357445065499709,-367.13574395181665805,-367.13574416553747026,-367.13573763431998145,-367.13573856728330252,-367.13574462022080308,nan,2873.5309800002272014,2875.252090000080712,2876.2326344444890336,2877.6370893750627011
lib_bnnt_M062X_Z-42.FChk,0.0,0.0,-0.0004200000000000002,-1286.93845791447,1.787631126222327,367.1070081510695,-2875.448935045412,-367.1069919856499701,-367.1069772734749697,-367.1069599583166573,-367.1069251589874694,-367.10687902713998237,-367.10699688970830354,-367.1069946449708049,-367.10700775579443406,2876.0823099992743288,2876.2778624997907295,2877.4794922222256843,2879.1760656250346608
lib_bnnt_M062X_Z-41.FChk,0.0,0.0,-0.0004100000000000002,-1286.938440056493,1.783960200106586,367.0782247570487,-2879.254912103235,-367.07821449484997178,-367.078191423749969,-367.07814110914998906,-367.0780745871249696,-367.07798237192998217,-367.07822218521664207,-367.07823036929163682,-367.07823368874443212,2879.415850000387059,2880.0561900001073796,2881.5189077778640514,2883.4959712500642965
lib_bnnt_M062X_Z-40.FChk,0.0,0.0,-0.0004000000000000002,-1286.938422235273,1.78028956193243,367.0493998349807,-2886.208336754311,-367.04939086184996794,-367.0493416376749687,-367.0492671070166563,-367.04915863778746898,-367.0490166869999819,-367.0494072699083037,-367.04940263763746863,-367.04941151020832135,2885.3107500003810715,2887.285717500305504,2888.8903522222957698,2890.931784375034184
lib_bnnt_M062X_Z-39.FChk,0.0,0.0,-0.0003900000000000002,-1286.938404450688,1.776619212289349,367.0204883814189,-2896.742117832399,-367.02046878049996564,-367.02040466769996832,-367.02029816634999018,-367.02014660188746892,-367.01994521522998202,-367.02049015143329902,-367.02049068963746944,-367.02049912531665743,2899.1055200000728136,2898.6194149999617145,2899.973305555582147,2902.2410931250036035
lib_bnnt_M062X_Z-38.FChk,0.0,0.0,-0.0003800000000000002,-1286.938386702836,1.77294915255682,366.9914520291428,-2911.314978592151,-366.99141847354996868,-366.9913400020999683,-366.9911981406333226,-366.9909965060124701,-366.99073494184998262,-366.99144463069996883,-366.99145450079580238,-366.99146148988054444,2910.9558699993201591,2912.8778399997349993,2914.6789933332339957,2917.2565831249306867
lib_bnnt_M062X_Z-37.FChk,0.0,0.0,-0.0003700000000000002,-1286.938368991674,1.769279383919878,366.9622477392263,-2930.36704046931,-366.96221122369630316,-366.96210178002130106,-366.96192384306300988,-366.96167068089630242,-366.96134170104635203,-366.96224770492130207,-366.9622454797296344,-366.96225272513245513,2930.4941000001681575,2931.6693524999248748,2933.9939111109369476,2936.6993399998457284
lib_bnnt_M062X_Z-36.FChk,0.0,0.0,-0.0003600000000000001,-1286.938351317269,1.765609908332346,366.9328281395323,-2954.258345809737,-366.93278508650369865,-366.93265137435370113,-366.93243062058701323,-366.93212350260369928,-366.93172623910366204,-366.9328296572203627,-366.93282733160370174,-366.93282703062590336,2954.733340000220491,2955.9849350000072261,2957.863078888820995,2960.8249749999928397
lib_bnnt_M062X_Z-35.FChk,0.0,0.0,-0.0003500000000000002,-1286.938333679527,1.761940728218148,366.9031454537525,-2983.192271922302,-366.9030915249963048,-366.90293669409630492,-366.90267507662967855,-366.90231008340880298,-366.90184676958635213,-366.90314313529630566,-366.90314556432547133,-366.9031382656602349,2983.9789599991812636,2984.8392399996295177,2986.8586066665448313,2989.5848306248749742
lib_bnnt_M062X_Z-34.FChk,0.0,0.0,-0.0003400000000000001,-1286.938316078476,1.758271846501846,366.8731478323253,-3017.128539282496,-366.87308830170370427,-366.87290700310370004,-366.87260728670367896,-366.8721912668661996,-366.87166443908366162,-366.87314873457037143,-366.8731455818495326,-366.87313165487312358,3016.6657000001758493,3018.4521900001628003,3020.4431800001032113,3023.005374375106612
lib_bnnt_M062X_Z-33.FChk,0.0,0.0,-0.0003300000000000002,-1286.938298514142,1.754603266452114,366.8427873251689,-3055.691852849502,-366.84272248119630339,-366.84251838679630486,-366.8421846145796786,-366.84172593045880362,-366.84114726252635413,-366.84279051266297045,-366.84278253890880572,-366.84275967717967826,3056.4984000008746559,3056.9914900003159868,3058.5373211112132783,3060.538181875035103
lib_bnnt_M062X_Z-32.FChk,0.0,0.0,-0.0003200000000000001,-1286.938280986369,1.750934992052222,366.8120213589357,-3098.094757571957,-366.81194847189996766,-366.81173115937496965,-366.81137287844999129,-366.81088127223747103,-366.8102676174299823,-366.81202090940830124,-366.81201445508746875,-366.8119824605499908,3098.3034599995225025,3099.1321825000307348,3099.954605555644866,3101.2865431249981023
lib_bnnt_M062X_Z-31.FChk,0.0,0.0,-0.0003100000000000001,-1286.938263495425,1.747267027482676,366.7808169949104,-3143.083980937485,-366.78073983754996934,-366.78051516682496824,-366.78014452131665807,-366.7796382501624701,-366.7790107138399825,-366.78081472779163727,-366.78080747237913475,-366.78076697303610287,3143.4234100001420469,3143.3305074999418924,3143.7411788888430466,3144.0068318750673038
lib_bnnt_M062X_Z-30.FChk,0.0,0.0,-0.0003000000000000001,-1286.938246041045,1.743599377255471,366.7491568590878,-3188.931123936259,-366.74908186174996882,-366.74885554137497104,-366.74848823298332243,-366.74799051104996958,-366.74737558208998323,-366.74915730187496718,-366.74914388481663866,-366.74909673241943267,3188.1717499999609735,3188.4296174998293893,3187.8881188888629217,3187.0324162500037877
lib_bnnt_M062X_Z-29.FChk,0.0,0.0,-0.0002900000000000001,-1286.938228623414,1.739932045845441,366.7170425343181,-3233.480072416116,-366.71697124519997274,-366.71675811352496874,-366.71641318766665682,-366.7159474021874697,-366.71537697660998212,-366.71704228909163895,-366.7170283506374689,-366.71697723329999022,3233.9515599992535637,3232.374822500008202,3230.6914466666531869,3228.3882318749282323
lib_bnnt_M062X_Z-28.FChk,0.0,0.0,-0.0002800000000000001,-1286.93821124243,1.736265037830567,366.6844998138292,-3274.255410234838,-366.68443436529996865,-366.6842498627249695,-366.68394704561665773,-366.68354060046246964,-366.6830476005799816,-366.6844958661583017,-366.68448628347913565,-366.68443341574443595,3273.424420001564707,3272.1382475003256374,3269.4238677778467907,3265.74704562507018
lib_bnnt_M062X_Z-27.FChk,0.0,0.0,-0.0002700000000000001,-1286.938193898093,1.732598357158135,366.6515789548969,-3308.625429663176,-366.65152848024996624,-366.6513796375499711,-366.65114085476665712,-366.65082238274996954,-366.65044102603998236,-366.65157809448329612,-366.65156538914997073,-366.6515164469083241,3307.7525899989195721,3305.4727749997546327,3301.937095555491941,3296.7865387499594714
lib_bnnt_M062X_Z-26.FChk,0.0,0.0,-0.0002600000000000001,-1286.938176590482,1.728932007260962,366.6183567777675,-3334.005113751197,-366.61832490979997357,-366.61822565954996822,-366.61806922308332382,-366.61786632316247006,-366.61762719962998242,-366.6183579932166456,-366.61834543834580094,-366.61830242143610117,3332.9614999996146798,3330.2820699998000562,3325.5728588888800046,3319.1769781249711637
lib_bnnt_M062X_Z-25.FChk,0.0,0.0,-0.0002500000000000001,-1286.938159319504,1.725265990659939,366.5849363657133,-3348.065154345883,-366.58492283884997023,-366.58488665197497036,-366.58483134914998988,-366.58476353409997028,-366.58469558611998274,-366.58493490114163504,-366.58492769126663613,-366.58489586097776677,3347.452690001051293,3343.825782500320418,3338.2892300000102572,3330.8051725000403342
lib_bnnt_M062X_Z-24.FChk,0.0,0.0,-0.0002400000000000001,-1286.938142085151,1.721600308804185,366.5514401300681,-3348.91983881119,-366.55144839414996716,-366.55148278359997063,-366.55153992369999155,-366.55162667134996973,-366.55174900404998264,-366.55143693099996507,-366.5514348210166358,-366.55141440773888067,3347.4362499995644065,3344.0055249999589049,3338.124975555546081,3329.9494099999252934
lib_bnnt_M062X_Z-23.FChk,0.0,0.0,-0.0002300000000000001,-1286.93812488743,1.717934961692056,366.5180064903555,-3335.267127082925,-366.51804272834997103,-366.5181474306499695,-366.5183260683833249,-366.5185776637374706,-366.51890551685998199,-366.5180078275833022,-366.51800401962080153,-366.51799772645554662,3333.696909999655514,3330.0963499997658679,3323.9707877777143912,3315.4494118749872775
lib_bnnt_M062X_Z-22.FChk,0.0,0.0,-0.0002200000000000001,-1286.938107726348,1.714269947949618,366.4847854782194,-3306.461518571686,-366.48484646714997182,-366.48502768314997122,-366.48532858171665696,-366.4857497760124704,-366.4862864399399834,-366.4847860618166387,-366.48478698552913768,-366.48479206804165567,3305.5553300001880377,3301.5045199999833077,3295.2285988888493828,3286.6503793750113394
lib_bnnt_M062X_Z-21.FChk,0.0,0.0,-0.0002100000000000001,-1286.938090602001,1.710605264762713,366.451927494915,-3262.525173397433,-366.45201263794997137,-366.45226867549997085,-366.45269208839999114,-366.45327682247497034,-366.45402005123998307,-366.45192729209997065,-366.451932626508303,-366.45195182256665722,3261.210509999901642,3257.7791650000969563,3251.7307111111465847,3243.5304087499570658
lib_bnnt_M062X_Z-20.FChk,0.0,0.0,-0.0002000000000000001,-1286.938073514257,1.706940907696859,366.4195850521606,-3204.102475584043,-366.4196908838499699,-366.42001676842497018,-366.42055296524999208,-366.42129435433747076,-366.4222304811199822,-366.41958225565830132,-366.41959090645413663,-366.41962028290554768,3203.1403100003965034,3199.5869525001198366,3194.2360877778070238,3186.666440625022268
lib_bnnt_M062X_Z-19.FChk,0.0,0.0,-0.0001900000000000001,-1286.93805646323,1.703276870945036,366.3878900612932,-3132.393110915155,-366.38802089889996896,-366.3884062142999712,-366.38904489633332467,-366.38992600286247045,-366.39103664696998283,-366.38789246043330247,-366.38789961811247098,-366.38793957029165732,3130.8566799997846977,3128.466954999868483,3123.6837599999703614,3117.1336318750191439
lib_bnnt_M062X_Z-18.FChk,0.0,0.0,-0.0001800000000000001,-1286.938039448754,1.699613147278881,366.3569737029534,-3049.059093001786,-366.3571215447499725,-366.3575610255249703,-366.3582858480999907,-366.35928512662497025,-366.36054337051998306,-366.35697505115830927,-366.35698632515830275,-366.35703461794443497,3049.0141499995080332,3045.987337499866091,3042.0186422222174771,3036.5820899999960112
lib_bnnt_M062X_Z-17.FChk,0.0,0.0,-0.0001700000000000001,-1286.938022470939,1.695949728514141,366.3269405735092,-2956.174024575363,-366.32710115214997165,-366.32758333022497008,-366.32837595618332388,-366.32946759636247036,-366.33083890060998286,-366.32694042612497126,-366.32695524151247043,-366.32701246988610114,2955.0643700006636,2953.821452500242653,2950.897850000073405,2946.9308968750412507
lib_bnnt_M062X_Z-16.FChk,0.0,0.0,-0.0001600000000000001,-1286.938005529764,1.692286605255838,366.297874240501,-2856.185076605849,-366.29804511569996764,-366.29855348482497032,-366.2993931671999912,-366.30054546627497022,-366.30199040465998267,-366.29787565932496496,-366.29788949100830503,-366.29795807795554646,2856.142920000135378,2854.7667325001320262,2853.0981822222616968,2850.7779625000041153
lib_bnnt_M062X_Z-15.FChk,0.0,0.0,-0.0001500000000000001,-1286.937988625274,1.688623767611827,366.269831116749,-2751.926806409798,-366.270005817499969,-366.27052897842496954,-366.27138698873332465,-366.27256528486247036,-366.2740355943299817,-366.26983143052496972,-366.2698502096124688,-366.26992695844165857,2751.7167199995937485,2751.613727499811214,2751.238648888852377,2750.902268124985573
lib_bnnt_M062X_Z-14.FChk,0.0,0.0,-0.0001400000000000001,-1286.937971757297,1.684961205139488,366.2428390033321,-2646.669789190543,-366.24301284114631083,-366.24352990702130953,-366.24437986489635039,-366.24553926818380875,-366.2469823187563588,-366.24284048585464188,-366.2428601199671422,-366.2429496304685734,2646.8785499998689557,2647.591047499833278,2648.841568888778137,2650.7108318749940614
lib_bnnt_M062X_Z-13.FChk,0.0,0.0,-0.00013,-1286.937954925914,1.681298907355004,366.2168887927772,-2544.198580508133,-366.21705399654997126,-366.21754723949997065,-366.21835197353332264,-366.21944751226246909,-366.22080050203998272,-366.21688958223330482,-366.21691381524580494,-366.2170113122638775,2544.8903700001075603,2546.560165000077211,2549.6480622223103065,2554.073308125021622
lib_bnnt_M062X_Z-12.FChk,0.0,0.0,-0.00012,-1286.937938131348,1.677636864059557,366.1919307175904,-2448.87671453676,-366.19208163784996987,-366.19252505154996843,-366.1932483111166569,-366.19422533951246995,-366.19542443985998162,-366.19193383328330188,-366.19195828889579988,-366.19206328493054503,2449.5813700001717421,2452.8945000002839931,2458.0065255556630897,2465.2283756250080917
lib_bnnt_M062X_Z-11.FChk,0.0,0.0,-0.00011,-1286.937921373271,1.673975065722247,366.1678714382006,-2365.646942303473,-366.16799610655368746,-366.16836604610369055,-366.16896518018700482,-366.1697692709036915,-366.17074383718365446,-366.1678727933703549,-366.1678983045036902,-366.1680019305870053,2367.5248900007329689,2371.5591750001689755,2378.8040788889516464,2388.8984300000994632
lib_bnnt_M062X_Z-10.FChk,0.0,0.0,-0.0001000000000000001,-1286.937904651824,1.670313504137426,366.1445599390894,-2299.878585321408,-366.14465045434742432,-366.14492077199742667,-366.14535474748075922,-366.14592834209742683,-366.1466168916374519,-366.1445603484640884,-366.14458491529742573,-366.1446752419113137,2301.6055499989099822,2307.5334549995461513,2316.833674444297412,2329.8354724998905227
lib_bnnt_M062X_Z-9.FChk,0.0,0.0,-9.000000000000003e-05,-1286.937887967027,1.66665217271316,366.121797218858,-2256.952971098685,-366.12184543744997403,-366.1219913022999686,-366.1222197906166569,-366.12251790426246992,-366.12287075352998214,-366.12179681583330915,-366.12181576831246907,-366.1218708218583233,2259.3978299997437014,2265.9152049998850373,2277.228174444340322,2292.407091874937069
lib_bnnt_M062X_Z-8.FChk,0.0,0.0,-8.000000000000003e-05,-1286.937871318792,1.662991067228677,366.0993288090185,-2241.492107116482,-366.09933215025034187,-366.09933163265034362,-366.0993299930670294,-366.09932494277534146,-366.09931746804037941,-366.0993323227836719,-366.09933386260867677,-366.0993342906420287,2243.259610001115574,2251.3804800002555087,2263.5417288889026424,2279.7914612500273008
lib_bnnt_M062X_Z-7.FChk,0.0,0.0,-7.000000000000004e-05,-1286.937854707232,1.659330186070155,366.0768662451769,-2256.217689155689,-366.0768178278492868,-366.076669762424289,-366.07643455484928843,-366.07612642558678798,-366.07576972109928778,-366.07686718299095185,-366.076850874703456,-366.07678012859095584,2259.6048699990293716,2266.2387824998488552,2277.8458344444452237,2293.2438356249135112
lib_bnnt_M062X_Z-6.FChk,0.0,0.0,-6.000000000000002e-05,-1286.937838132145,1.65566953087212,366.0541055570145,-2300.603813768398,-366.0540073745999726,-366.0537291135499689,-366.05328508266665838,-366.05271312473747103,-366.05206107277998256,-366.05410012828330715,-366.05406777648746683,-366.05391831829999152,2302.4857800002427808,2308.8714300000105764,2318.419022222225615,2330.925395625023425
lib_bnnt_M062X_Z-5.FChk,0.0,0.0,-5.000000000000002e-05,-1286.937821593782,1.652009105922663,366.0307710329061,-2369.744175095994,-366.03064039924996878,-366.0302615488749717,-366.0296690204999907,-366.02891372738747083,-366.02806322960998303,-366.03076668270829933,-366.03071082270413822,-366.03049490087776857,2370.9092900005189026,2374.5825725000886903,2380.5231088888724085,2387.8017518750163293
lib_bnnt_M062X_Z-4.FChk,0.0,0.0,-4.000000000000002e-05,-1286.937805091992,1.648348918064135,366.0066596182794,-2454.02311690119,-366.00651572314966078,-366.00609461682466053,-366.00544091976628652,-366.00461767764965976,-366.00369956436963545,-366.0066560919246618,-366.00658692988299414,-366.0063299852357302,2454.025929999070052,2454.57824249981757,2455.0631711110566002,2455.5717949999506913
lib_bnnt_M062X_Z-3.FChk,0.0,0.0,-3.000000000000001e-05,-1286.937788626883,1.6446889756082,365.9816842832127,-2540.0838834369,-365.98154883439997234,-365.9811576923499705,-365.9805509609166574,-365.9797914178999704,-365.97895938053998255,-365.98167921508330538,-365.9816131171666363,-365.98135627494443478,2539.3518200006195236,2535.8030800000305873,2530.5224277778412714,2523.5065487500642976
lib_bnnt_M062X_Z-2.FChk,0.0,0.0,-2.000000000000001e-05,-1286.937772198263,1.641029287087447,365.9559020633127,-2613.093489717952,-365.95579966154966023,-365.9555062417496607,-365.95505276566628505,-365.95449476871216044,-365.95389559254963566,-365.95589746814966006,-365.95584339942882793,-365.95562735341072944,2610.482749999804741,2604.2592650001609287,2593.8938800000351692,2579.992405625002372
lib_bnnt_M062X_Z-1.FChk,0.0,0.0,-1e-05,-1286.93775580631,1.637369859614969,365.9295114512713,-2659.631488768501,-365.92946364909996904,-365.92932128692496913,-365.9291128918666583,-365.92886764703746988,-365.92863123734998246,-365.92951110315830235,-365.92947250022080175,-365.9293317078611024,2656.7197400004234393,2647.8374625001073248,2633.472022222287427,2614.502265625031296
lib_bnnt_M062X_Z+0.FChk,0.0,0.0,0.0,-1286.937739450863,1.633710697814465,365.9028302464259,-2670.142791182388,-365.90284291229996805,-365.90289492059997029,-365.90298495499999024,-365.90312894687497036,-365.90334625773998214,-365.9028255761999682,-365.90281691184163693,-365.90275808290554607,2667.427619999773294,2656.8728499998745256,2640.544633333302942,2618.8647437500160458
lib_bnnt_M062X_Z+1.FChk,0.0,0.0,1e-05,-1286.937723131991,1.630051802756723,365.8762443099589,-2640.111336381773,-365.87632619209966162,-365.87657760172465934,-365.87698898436628514,-365.87755389138715956,-365.87827060568963505,-365.87624238889133085,-365.87625217183715925,-365.87626959249684033,2635.9164199995236466,2626.5310574998755342,2610.3582066666201058,2588.3697768749778385
lib_bnnt_M062X_Z+2.FChk,0.0,0.0,2.000000000000001e-05,-1286.937706849805,1.626393171290623,365.8501627758477,-2569.778475151808,-365.85031229114997045,-365.85075165199997005,-365.8514719679999899,-365.8524510485124691,-365.85367344733998204,-365.85016583753330663,-365.85018518649580413,-365.85025636606943397,2566.8637700006903446,2557.4540100001498275,2542.5895688889400224,2522.1936043750584182
lib_bnnt_M062X_Z+3.FChk,0.0,0.0,3.000000000000001e-05,-1286.937690604136,1.6227347965109,365.8249708408474,-2462.853556830424,-365.82517711189965867,-365.82578649584965996,-365.82678018164961795,-365.82814189378715963,-365.82983276166963524,-365.82497398391632853,-365.82500136320382764,-365.82509841345795112,2460.1720799996864115,2452.5795300000574102,2439.7735900000540221,2421.7853968749824805
lib_bnnt_M062X_Z+4.FChk,0.0,0.0,4.000000000000002e-05,-1286.937674395122,1.619076667748385,365.8010082208089,-2324.905141019523,-365.8012607005499692,-365.80200717642496794,-365.803241554283324,-365.80492503981247013,-365.8070306511599819,-365.80101187525830297,-365.8010345552958019,-365.80114861313610206,2323.110190000174689,2316.993547500059492,2306.1371322222441274,2291.330609374995456
lib_bnnt_M062X_Z+5.FChk,0.0,0.0,5.000000000000002e-05,-1286.937658222648,1.615418771296889,365.7785557748252,-2161.963245895531,-365.77883724094996734,-365.77970618584996979,-365.78112465571665698,-365.7830775858749699,-365.7855317234499826,-365.77854759264997014,-365.77858238584163822,-365.77868106623610206,2161.5817300001980454,2155.4514699999431893,2147.2312499999212658,2135.445498749996924
lib_bnnt_M062X_Z+6.FChk,0.0,0.0,6.000000000000002e-05,-1286.937642086719,1.611761091003566,365.7578340011806,-1979.568774567258,-365.75815167114928875,-365.75909842762428864,-365.7606660174492881,-365.76283310628678827,-365.76557792652928827,-365.75783608565761854,-365.75785353473678874,-365.75793012787706665,1975.532229999194573,1973.8813324997056136,1967.8373566665630839,1958.7035068748962606
lib_bnnt_M062X_Z+7.FChk,0.0,0.0,7.000000000000004e-05,-1286.937625987375,1.608103608263466,365.7390139149832,-1782.239090382208,-365.73935961430034483,-365.7403686759003417,-365.74205177108369605,-365.74439433537534147,-365.74738318498037878,-365.73902326043367741,-365.73902678940867692,-365.73906489133091965,1782.8791400002537341,1778.2995250000434643,1773.1817477777390648,1765.5925237500058923
lib_bnnt_M062X_Z+8.FChk,0.0,0.0,8.000000000000003e-05,-1286.937609924554,1.60444630381128,365.7222280181342,-1573.175806460551,-365.72258568064996953,-365.7236590361499718,-365.7254388803166572,-365.72793470324997017,-365.73115243417998205,-365.72222789548330393,-365.72223381378330387,-365.72221217169721288,1571.9075900004570755,1570.0578150001288925,1565.1537766667292729,1558.1862187500020448
lib_bnnt_M062X_Z+9.FChk,0.0,0.0,9.000000000000003e-05,-1286.937593898429,1.600789156549853,365.7075843485572,-1353.965675075949,-365.7079584579974304,-365.7090824848974296,-365.71096719068076433,-365.71362536758492964,-365.71710738502745439,-365.70758378236409555,-365.707568190668262,-365.70745610594187708,1353.5369399993326531,1350.3195749999675273,1345.4177611110943155,1337.1654156249900562
lib_bnnt_M062X_Z+10.FChk,0.0,0.0,0.0001000000000000001,-1286.937577908829,1.59713214464212,365.6951845933315,-1123.946269773442,-365.69557928915368689,-365.69677097887868722,-365.69878326640366603,-365.7016749210536875,-365.70554839377365006,-365.69518205924535617,-365.69513633148702136,-365.6948336519147758,1122.2968300008077602,1118.7479125000600836,1111.3852311112243871,1099.2057550000934992
lib_bnnt_M062X_Z+11.FChk,0.0,0.0,0.00011,-1286.937561955795,1.59347524496407,365.6851555529318,-878.7351384791353,-365.68558349974996974,-365.6868820592749696,-365.68911335663332343,-365.69239757442497,-365.69699108364998272,-365.6851506465749671,-365.68504355422496857,-365.68435196174998938,876.8610499992281833,869.72298750002200407,856.5478022221892805,834.24552374998449356
lib_bnnt_M062X_Z+12.FChk,0.0,0.0,0.00012,-1286.937546039342,1.589818432972125,365.6776965622871,-606.9955488100737,-365.67818482939996938,-365.67969080594996895,-365.6823348723499908,-365.68639895098746964,-365.69244671530998209,-365.6776828372166389,-365.67745475760413673,-365.67587186991665782,602.8730200008466628,589.269380000081121,563.40346111117406797,518.60139437502478316
lib_bnnt_M062X_Z+13.FChk,0.0,0.0,0.00013,-1286.937530159389,1.586161681267482,365.6731851399161,-283.5125765493008,-365.67379811214631322,-365.67571266394631538,-365.6792124486463557,-365.6849119739713147,-365.6941967327163649,-365.67315992821298007,-365.67264622727131423,-365.66885942949357707,274.47042999939747654,247.21654499990281222,193.33595222214344546,98.504264999991765016
lib_bnnt_M062X_Z+14.FChk,0.0,0.0,0.0001400000000000001,-1286.937514316106,1.582504957009882,365.6723732438251,145.8779064677585,-365.67324049849997122,-365.67602692309996912,-365.68135620224999033,-365.69075630139997043,-365.7078086711999829,-365.6723116902999683,-365.6711171303333034,-365.66327836889443556,-162.94770000002155384,-222.88109500010049159,-339.40417666664903795,-553.2747725000744255
lib_bnnt_M062X_Z+15.FChk,0.0,0.0,0.0001500000000000001,-1286.937498509352,1.578848216457512,365.6768329284529,798.9705472048149,-365.67825573404997014,-365.68294188867496985,-365.69248056861665797,-365.71086601671247066,-365.74111595117998236,-365.67669368250829995,-365.67363384599580337,-365.67207054013054607,-840.0994099997618338,-970.1390174998625801,-1239.7832122223196758,-1757.6676381250182217
lib_bnnt_M062X_Z+16.FChk,0.0,0.0,0.0001600000000000001,-1286.937482739093,1.575191391895201,365.6899582965038,1945.619825823006,-365.69264327884996849,-365.70182179684997192,-365.72175974581665842,-365.75499906403747002,-365.7653369270599828,-365.68958377284996733,-365.68409604112080408,-365.70889938571388203,-2037.409549999905099,-2356.6062800001778397,-3029.8224300000424538,-3948.6070468750438016
lib_bnnt_M062X_Z+17.FChk,0.0,0.0,0.0001700000000000001,-1286.937467005509,1.571534363591935,365.7195382955079,4265.673764485253,-365.7253878596499737,-365.74601936947497102,-365.7820660479999913,-365.78712495147497064,-365.77529229139998201,-365.718510689708307,-365.7323175088083063,-365.78999796893610294,-4511.506610001139327,-5337.6090625002554915,-6374.5855400000818576,-5209.1531400000396728
lib_bnnt_M062X_Z+18.FChk,0.0,0.0,0.0001800000000000001,-1286.937451308523,1.567876884138008,365.7852203561002,9676.265165350636,-365.7993954600999736,-365.8339712049749709,-365.8250864357999911,-365.80066583621246998,-365.7742873763499825,-365.7878702118083087,-365.8450729945624712,-365.85319326376943702,-10290.013479998838213,-10858.334532499719036,-7600.6079333332236088,-4942.2019681249029004
lib_bnnt_M062X_Z+19.FChk,0.0,0.0,0.0001900000000000001,-1286.937435647975,1.564218375682733,365.9368955967728,21617.37004469621,-365.9425545502999681,-365.89130801427497144,-365.84146920359999058,-365.79954909581246983,-365.75415951983998242,-365.95963672897496516,-365.92189432042913821,-365.87981931119721374,-18341.80456000006039,-9191.2554174997851275,-4950.808088888769664,-2676.4863168749393116
lib_bnnt_M062X_Z+20.FChk,0.0,0.0,0.0002000000000000001,-1286.937420024118,1.560558033047002,366.0700658763677,-15954.32854665544,-365.9832205684499693,-365.89950987557496806,-365.83518436813332425,-365.77313546628747,-365.73705455726998304,-366.0111241327416346,-365.9416346786708012,-365.870961739224991,10208.600929999818484,4304.46747250000431,2833.3641977778840408,3041.7869343750441629
lib_bnnt_M062X_Z+21.FChk,0.0,0.0,0.0002100000000000001,-1286.93740443684,1.556898711271364,365.8047085184019,-15323.1495955118,-365.856465200849968,-365.8530788221499686,-365.7890513351666561,-365.7481573768749712,-365.7377715590199824,-365.8575939937499696,-365.88805263724163352,-365.80834161038609983,15142.47259000044066,13014.1746300000684995,10002.9479755555579645,7157.5318700000126477
lib_bnnt_M062X_Z+22.FChk,0.0,0.0,0.0002200000000000001,-1286.937388886129,1.553240903742985,365.7795036801956,-6609.412844728035,-365.72293707584996791,-365.71229972759996912,-365.73107801579999104,-365.74086748386246906,-365.7388879556399827,-365.7264828585999657,-365.7027771421791349,-365.72536564890554706,11563.152409999574194,14416.547324999887067,12310.22060888874024,7932.1195856249481064
lib_bnnt_M062X_Z+23.FChk,0.0,0.0,0.0002300000000000001,-1286.937373371961,1.549584252529847,365.5311259588733,-20682.50332443479,-365.56813425434997022,-365.6050067394749709,-365.67363846171665673,-365.7237610795249695,-365.75278056784998149,-365.5558434259749691,-365.56542195945830565,-365.6460717392111001,19397.411889999959223,11793.0336374996987185,7936.3628966666195255,6465.887131249956035
lib_bnnt_M062X_Z+24.FChk,0.0,0.0,0.0002400000000000001,-1286.937357894402,1.545929541057898,365.4491456090701,2620.517101809182,-365.48707640309997394,-365.5822250921499701,-365.63727458321665686,-365.70533707223746933,-365.7477272630599826,-365.45536017341664276,-365.5411877654541361,-365.60145441439721187,-3185.8416400006977631,-1409.0837799999860181,115.502154444392234056,348.13276812498935828
lib_bnnt_M062X_Z+25.FChk,0.0,0.0,0.0002500000000000001,-1286.9373424534,1.542274511001785,365.6018649244024,27981.13851951112,-365.59631592994996996,-365.59444333689997034,-365.6549610293666571,-365.68885393671247042,-365.70517119754998195,-365.59694012763330226,-365.56297313696246987,-365.63485182598332446,-18662.06372999850777,-10736.693379999641796,-7235.7548466664770506,-4192.3598618749748765
lib_bnnt_M062X_Z+26.FChk,0.0,0.0,0.0002600000000000001,-1286.937327049002,1.538617614739299,365.7004868790741,-6375.991696742899,-365.70181027069996677,-365.69837441687496954,-365.67749289033332524,-365.66734769672496994,-365.66170225372998187,-365.7029555553083019,-365.70871665692496985,-365.6818044563277695,-2436.804420000853884,-10205.848692499957598,-8193.324804444521368,-4256.1302287499916632
lib_bnnt_M062X_Z+27.FChk,0.0,0.0,0.0002700000000000001,-1286.937311681021,1.534960474796371,365.7829026944071,24616.61333226062,-365.80043290379996912,-365.77270113394996992,-365.7004188441833238,-365.64639354819996986,-365.6261767906499828,-365.8096768270833022,-365.81480366253330283,-365.72796219125832332,-17287.722199999614856,-7089.0863250003146327,-4325.119552222190412,-2597.5105649999752258
lib_bnnt_M062X_Z+28.FChk,0.0,0.0,0.0002800000000000001,-1286.937296349795,1.531301606081223,365.9125260894847,-16069.4252512113,-365.84359199719997308,-365.75247030129996978,-365.69949926323332248,-365.64068742472497048,-365.59675914837998337,-365.8739658958333057,-365.78973126015830425,-365.73939353062498883,8655.903519998825064,4796.2602499999345618,4266.5392555554504206,2884.3496074999536456
lib_bnnt_M062X_Z+29.FChk,0.0,0.0,0.0002900000000000001,-1286.937281055081,1.527643602956427,365.6881590752078,-19336.32650158286,-365.70450769879997044,-365.69834375949996938,-365.6554779229833246,-365.62417983469997024,-365.58215290239998277,-365.70656234523330774,-365.72306506776663573,-365.69128202896110227,19160.956160001702976,14524.823770000370159,9660.98929444456316,7426.0649624999842056
lib_bnnt_M062X_Z+30.FChk,0.0,0.0,0.0003000000000000001,-1286.937265796876,1.523987515927247,365.5435811306405,-10707.71079964775,-365.55309552179996566,-365.5830004325749714,-365.59830302269999203,-365.57861214551247048,-365.5602634454399817,-365.5431272182082998,-365.58446319492913745,-365.62129581092221559,11121.47923999924962,12150.726622499903057,11132.84098444431023,8692.907789374964386
lib_bnnt_M062X_Z+31.FChk,0.0,0.0,0.0003100000000000001,-1286.937250575254,1.520332541045991,365.4574276078113,-7038.417347881649,-365.46149316634997234,-365.47565853544997053,-365.50467189274999158,-365.52487673912496993,-365.51592640364998252,-365.45677137664997386,-365.45925246755830587,-365.50457456671388076,7198.9918499994100123,7743.6986349995111385,8721.952109999944804,8673.351018749970667
lib_bnnt_M062X_Z+32.FChk,0.0,0.0,0.0003200000000000001,-1286.937235390199,1.51667828606392,365.3962885142524,-5390.043145007537,-365.39822154909632326,-365.40475398972131896,-365.41863831976302449,-365.44479977860881778,-365.46559459088636732,-365.3960440688879941,-365.39140539342548739,-365.40410535165746786,5455.331599999865622,5673.9176625000032015,6128.317586666543037,6910.0326981249110117
lib_bnnt_M062X_Z+33.FChk,0.0,0.0,0.0003300000000000002,-1286.9372202417,1.513024576615009,365.3469793829177,-4557.333444759073,-365.34801481310368354,-365.3514097187536841,-365.35823047188699672,-365.37109523931618377,-365.39459808814364786,-365.3468831778870167,-365.34484787856618465,-365.33937491924533106,4586.0156000012007014,4681.1830350005852197,4871.9957366669670114,5228.1648068751323986
lib_bnnt_M062X_Z+34.FChk,0.0,0.0,0.0003400000000000001,-1286.937205129754,1.509371325767658,365.3039707134489,-4083.749637136581,-365.30459788839631438,-365.30659912464631817,-365.31042847847969476,-365.31712068547131977,-365.32903815632636793,-365.30393080964631314,-365.30309193770465231,-365.2971099111019184,4097.3693399996886413,4141.5688449999780056,4227.6088411110480187,4381.6652124999153903
lib_bnnt_M062X_Z+35.FChk,0.0,0.0,0.0003500000000000002,-1286.937190054334,1.505718484657241,365.26475496153,-3778.28628046712,-365.26518343620368148,-365.26653194317868217,-365.26899652518699613,-365.27302381496618372,-365.27955947698364603,-365.26473393387868213,-365.26436798591618166,-365.261753705259219,3785.5210999996716223,3806.5945224996908833,3847.8020522221813748,3919.2951893750579517
lib_bnnt_M062X_Z+36.FChk,0.0,0.0,0.0003600000000000001,-1286.937175015379,1.502066022098934,365.2281352529928,-3555.159106028734,-365.22846599794632289,-365.22948738122132056,-365.2312912369130269,-365.23407605463381928,-365.2382508775963691,-365.22812553685465425,-365.22795782341715434,-365.22683201573802736,3557.9665499994229452,3569.6054974997023475,3590.6199277775658967,3626.1535006249070434
lib_bnnt_M062X_Z+37.FChk,0.0,0.0,0.0003700000000000002,-1286.93716001295,1.498413915337282,365.193512517872,-3374.598008293751,-365.19379132624997328,-365.19463791117497137,-365.19609646848332368,-365.19825820972496883,-365.2013040472599829,-365.19350913127497665,-365.19343114499163933,-365.1929280609638791,3376.9677900005121802,3382.8086775001961777,3394.5251588889836785,3413.6866725000317444
lib_bnnt_M062X_Z+38.FChk,0.0,0.0,0.0003800000000000002,-1286.937145047055,1.494762146272409,365.1605631391549,-3218.265708154773,-365.1608098243999694,-365.1615529846249702,-365.1628116501666572,-365.16462635579997068,-365.16707771942998145,-365.16056210432497184,-365.16052852756663533,-365.16030560222776816,3219.3325800002661274,3223.8341625003100572,3231.1896155557266417,3243.0512712500176191
lib_bnnt_M062X_Z+39.FChk,0.0,0.0,0.0003900000000000002,-1286.937130117708,1.491110699140794,365.1290930401157,-3078.102108183497,-365.1293146429999671,-365.12998447627496817,-365.13110732899999192,-365.13269767718746994,-365.13479279015998277,-365.1290913652416334,-365.1290800759708023,-365.12898851829999275,3079.7037000001957934,3082.5348125001209811,3088.3072666666829809,3097.011699375071114
lib_bnnt_M062X_Z+40.FChk,0.0,0.0,0.0004000000000000002,-1286.937115224877,1.487459559979549,365.0989577975294,-2950.988459197989,-365.09915912814996697,-365.09976533037497032,-365.10077490359998942,-365.1021951286499708,-365.10403693563998295,-365.09895706074163432,-365.09895539761663819,-365.0989221860583214,2951.3992699998262104,2954.9312624996765042,2960.2458333332999991,2967.8927987499687473
lib_bnnt_M062X_Z+41.FChk,0.0,0.0,0.0004100000000000002,-1286.937100368587,1.483808715958231,365.0700328702823,-2836.097173263625,-365.07021601774997355,-365.07075744319996852,-365.07166306278332393,-365.0729296700624699,-365.07456298022998278,-365.07003554259997433,-365.07003336757913473,-365.07002617974165806,2837.222809998857802,2840.1684949998463166,2845.3828766664906584,2852.7403106249147333
lib_bnnt_M062X_Z+42.FChk,0.0,0.0,0.0004200000000000002,-1286.937085548725,1.480158155659194,365.0422108949611,-2733.543582379915,-365.04235575824997004,-365.04283727267497142,-365.043636285283324,-365.0447558937249697,-365.04619525469998206,-365.04219525344163805,-365.0421977323249729,-365.04219534825276935,2734.829090001843451,2737.8745075002119238,2743.0956477778460276,2750.4718325000306878
lib_bnnt_M062X_Z+43.FChk,0.0,0.0,0.0004300000000000002,-1286.937070765372,1.476507868843066,365.01531973147,-2643.701607830439,-365.0154585275999693,-365.01587486384997158,-365.01656964396665786,-365.01754161227496978,-365.01879265039998168,-365.01531974884996853,-365.0153192810416384,nan,2644.6170399983029906,2648.0894399998453193,2653.4381422221382665,2660.7915462499365769
lib_bnnt_M062X_Z+44.FChk,0.0,0.0,0.0004400000000000002,-1286.937056018488,1.472857846488642,364.9892776891457,-2566.808562778653,-364.98939396944997313,-364.98974645707496908,-364.9903357736499913,-364.99116215224996987,nan,-364.98927647357497178,-364.98927455868330305,nan,2568.294590000931845,2571.207052500022399,2576.4363988890171697,2583.7560212500777532
lib_bnnt_M062X_Z+45.FChk,0.0,0.0,0.0004500000000000002,-1286.937041308162,1.469208080963677,364.9639405408951,-2502.790353967529,-364.96403438654996884,-364.96432578134997105,-364.96481086374998926,nan,nan,-364.96393725494996813,nan,nan,2503.621989999922916,2506.8188100002093524,2511.9324544444703966,nan
lib_bnnt_M062X_Z+46.FChk,0.0,0.0,0.0004600000000000002,-1286.937026634359,1.465558565800911,364.9391806732577,-2451.157082975049,-364.93925759324996894,-364.93948703182496832,nan,nan,nan,-364.93918111372496735,nan,nan,2451.736670000059733,2454.7354725000542905,nan,nan
lib_bnnt_M062X_Z+47.FChk,0.0,0.0,0.0004700000000000002,-1286.937011997004,1.461909295811812,364.9148789095684,-2410.974766229746,-364.91493967709996776,nan,nan,nan,nan,nan,nan,nan,2411.8465600001747802,nan,nan,nan
lib_bnnt_M062X_Z+48.FChk,0.0,0.0,0.0004800000000000002,-1286.936997396128,1.458260267007369,364.8909274282869,-2380.89365662755,nan,nan,nan,nan,nan,nan,nan,nan,nan,nan,nan,nan
