# # Name,E_Field_X,E_Field_Y,E_Field_Z,Energy,Dipole_Moment_z,Polarizability_zz,Hyperpolarizability_zzz,(From Linear Fit Derivative Order 1 of Column 4 with respect to Column 3 Polynomial Order 2),(From Linear Fit Derivative Order 1 of Column 4 with respect to Column 3 Polynomial Order 3),(From Linear Fit Derivative Order 2 of Column 4 with respect to Column 3 Polynomial Order 3),(From Linear Fit Derivative Order 1 of Column 4 with respect to Column 3 Polynomial Order 4),(From Linear Fit Derivative Order 2 of Column 4 with respect to Column 3 Polynomial Order 4),(From Linear Fit Derivative Order 3 of Column 4 with respect to Column 3 Polynomial Order 4),(From Linear Fit Derivative Order 1 of Column 4 with respect to Column 3 Polynomial Order 5),(From Linear Fit Derivative Order 2 of Column 4 with respect to Column 3 Polynomial Order 5),(From Linear Fit Derivative Order 3 of Column 4 with respect to Column 3 Polynomial Order 5),(From Linear Fit Derivative Order 4 of Column 4 with respect to Column 3 Polynomial Order 5),(From Linear Fit Derivative Order 1 of Column 4 with respect to Column 3 Polynomial Order 6),(From Linear Fit Derivative Order 2 of Column 4 with respect to Column 3 Polynomial Order 6),(From Linear Fit Derivative Order 3 of Column 4 with respect to Column 3 Polynomial Order 6),(From Linear Fit Derivative Order 4 of Column 4 with respect to Column 3 Polynomial Order 6)
lib_bnnt_M062X_Z-48.FChk,0.0,0.0,-0.0004800000000000002,-1286.938565833217,1.809662726320252,367.279941193813,-2901.486469906116,1.8094392277277537957,1.8096216240754668472,-366.95840192025860352,1.8096628757478343107,-367.34987090904364732,3898.964979145342409,1.8096848350226090014,-367.6765903422649896,6641.9291048348435536,-16867179.836813525912,1.809649865268848334,-366.92567292914033622,-2861.7887766939041176,57784728.893981100762
lib_bnnt_M062X_Z-47.FChk,0.0,0.0,-0.0004700000000000002,-1286.938547754912,1.805990071822592,367.2509728324576,-2892.426912034659,1.8057791929035112698,1.8059521395270117314,-366.93850777076662031,1.8059895713239546356,-367.31108017071404298,3859.1826867755411414,1.806008398415632417,-367.61100993522728114,6474.5998008269708093,-16598680.9647611165,1.8059804749498436247,-366.95145394599579358,-2299.6213881575911646,54660652.637982411252
lib_bnnt_M062X_Z-46.FChk,0.0,0.0,-0.0004600000000000002,-1286.938529713534,1.802317706569539,367.2220873068306,-2885.016594060996,1.8021191580792687242,1.8022828539200515156,-366.918613621274637,1.8023166528183436182,-367.2726872553081365,3819.4003944057396582,1.8023326092910108014,-367.5470893962860485,6309.955485539621267,-16330182.092708705632,1.8023108544113363474,-366.9717683023962179,-1768.3376474402452603,51607999.330187081832
lib_bnnt_M062X_Z-45.FChk,0.0,0.0,-0.0004500000000000002,-1286.938511708588,1.798645629886848,367.1932667965269,-2879.422795144092,1.7984591232550261984,1.7986137672545862394,-366.8987194717826538,1.7986441162527720613,-367.2346921628259282,3779.6181020359383909,1.7986574511843126657,-367.484801875554087,6147.996158972796711,-16061683.220656296219,1.7986410567876525266,-366.98692126367238828,-1267.2233250598377445,48626768.970595145584
lib_bnnt_M062X_Z-44.FChk,0.0,0.0,-0.0004400000000000002,-1286.9384937405,1.794973841023369,367.1644921634656,-2875.818952458195,1.7947990884307836527,1.7949448795306158631,-366.87882532229067045,1.794971957649010688,-367.19709489326741775,3739.8358096661369077,1.7949829078996053135,-367.4241205231441908,5988.721821126495385,-15793184.348603885352,1.794971132196176273,-366.99721095286026426,-795.56419153433130287,45716961.559206570197
lib_bnnt_M062X_Z-43.FChk,0.0,0.0,-0.0004300000000000002,-1286.938475809181,1.791302339946299,367.1357430530618,-2874.409263384374,1.791139053606541127,1.7912761907481404265,-366.85893117279868725,1.7913001730288303012,-367.15989544663260546,3700.0535172963356403,1.7913089635094549996,-367.36501848916915527,5832.1324720007190168,-15524685.476551475938,1.7913011278087728909,-367.00292835070098446,-352.64601738169425804,42878577.096021387217
lib_bnnt_M062X_Z-42.FChk,0.0,0.0,-0.0004200000000000002,-1286.93845791447,1.787631126222327,367.1070081510695,-2875.448935045412,1.7874790187822985813,1.78760770090715989,-366.83903702330670393,1.7876287584140016241,-367.12309382292149104,3660.271224926534157,1.7876356023549267722,-367.3074689237417747,5678.2281115954659083,-15256186.604499065071,1.7876310879232116683,-367.00435729564086765,62.245426880107684653,40111615.581039565863
lib_bnnt_M062X_Z-41.FChk,0.0,0.0,-0.0004100000000000002,-1286.938440056493,1.783960200106586,367.0782247570487,-2879.254912103235,1.7838189839580560554,1.7839394100076742932,-366.81914287381472073,1.7839577098262954597,-367.08669002213407478,3620.4889325567328897,1.7839628090455846301,-367.25144497697484422,5527.008739910737728,-14987687.732446655657,1.7839610540345889835,-367.00177448383141166,449.82437073310768483,37416077.014261136148
lib_bnnt_M062X_Z-40.FChk,0.0,0.0,-0.0004000000000000002,-1286.938422235273,1.78028956193243,367.0493998349807,-2886.208336754311,1.7801589491338135099,1.7802713180496835962,-366.7992487243227374,1.7802870232874825311,-367.0506840442703564,3580.7066401869314065,1.780290568459491365,-367.1969197989811582,5378.474356946532836,-14719188.86039424479,1.7802910649067510946,-366.99544946912929466,810.8050436593416337,34791961.395686068838
lib_bnnt_M062X_Z-39.FChk,0.0,0.0,-0.0003900000000000002,-1286.938404450688,1.776619212289349,367.0204883814189,-2896.742117832399,1.776498914309570984,1.776603425033187839,-366.7793545748307542,1.7766166948193336409,-367.01507588933033616,3540.924347817130139,1.7766188657432087208,-367.14386653987351183,5232.6249627028528435,-14450689.9883418353775,1.7766211566437172462,-366.98564466309637397,1145.9016751408410917,32239268.725314392377
lib_bnnt_M062X_Z-38.FChk,0.0,0.0,-0.0003800000000000002,-1286.938386702836,1.77294915255682,366.9914520291428,-2911.314978592151,1.7728388794853284384,1.7729357309581869818,-366.7594604253387709,1.7729467204436195125,-366.97986555731401379,3501.142055447328656,1.7729476863117972327,-367.0922583497646994,5089.4605571796961683,-14182191.116289424509,1.7729513627611024587,-366.97261533499968683,1455.8284946596404725,29757999.003146079103
lib_bnnt_M062X_Z-37.FChk,0.0,0.0,-0.0003700000000000002,-1286.938368991674,1.769279383919878,366.9622477392263,-2930.36704046931,1.7691788446610859126,1.7692682358246810642,-366.7395662758467877,1.7692770961821109489,-366.9450530482213896,3461.3597630775273883,1.7692770158488163886,-367.04206837876751615,4948.9811403770643636,-13913692.244237015097,1.7692817142575406365,-366.9566096118114501,1741.2997316977735864,27348152.22918115591
lib_bnnt_M062X_Z-36.FChk,0.0,0.0,-0.0003600000000000001,-1286.938351317269,1.765609908332346,366.9328281395323,-2954.258345809737,1.7655188098368433272,1.7656009396326700069,-366.71967212635480415,1.7656078180565786334,-366.91063836205246287,3421.5774707077254737,1.7656068403063244286,-366.99326977699475585,4811.186712294954426,-13645193.372184601317,1.765612239686107316,-366.93786847820905989,2003.0296157372779815,25009728.403419571707
lib_bnnt_M062X_Z-35.FChk,0.0,0.0,-0.0003500000000000002,-1286.938333679527,1.761940728218148,366.9031454537525,-2983.192271922302,1.7618587750126008412,1.7619338423821539688,-366.69977797686282114,1.7619388820887934879,-366.87662149880723508,3381.7951783379246375,1.7619371459048787035,-366.94583569455921532,4676.077272933372288,-13376694.500132194816,1.7619429652257429729,-366.9166257765750933,2241.7323762601766362,22742727.52586142674
lib_bnnt_M062X_Z-34.FChk,0.0,0.0,-0.0003400000000000001,-1286.938316078476,1.758271846501846,366.8731478323253,-3017.128539282496,1.7581987401883582558,1.7582669440731327511,-366.67988382737083763,1.7582702843005260769,-366.8430024584857044,3342.0128859681227231,1.7582679191335350782,-366.89973928157368674,4543.652822292310626,-13108195.628079781037,1.7582739147526753726,-366.89310820699730487,2458.122242748516451,20547149.596506598124
lib_bnnt_M062X_Z-33.FChk,0.0,0.0,-0.0003300000000000002,-1286.938298514142,1.754603266452114,366.8427873251689,-3055.691852849502,1.7545387053641157697,1.7546002447056065526,-366.65998967787885462,1.7546020207135473622,-366.8097812410878726,3302.230593598321887,1.7545991467498486876,-366.85495368815096734,4413.9133603717766174,-12839696.756027374535,1.7546051099118432754,-366.8675353272686314,2652.9134446843201722,18422994.615355204875
lib_bnnt_M062X_Z-32.FChk,0.0,0.0,-0.0003200000000000001,-1286.938280986369,1.750934992052222,366.8120213589357,-3098.094757571957,1.7508786705398731844,1.7509337442795751747,-366.6400955283868711,1.7509340873496279078,-366.77695784661373798,3262.4483012285199726,1.7509308157798731408,-366.81145206440384948,4286.8588871717632305,-12571197.883974960756,1.7509365701883185882,-366.8401195528871867,2826.8202115496319122,16370262.582407131842
lib_bnnt_M062X_Z-31.FChk,0.0,0.0,-0.0003100000000000001,-1286.938263495425,1.747267027482676,366.7808169949104,-3143.083980937485,1.7472186357156306585,1.7472674427950387761,-366.62020137889488788,1.747266480230538636,-366.74453227506330186,3222.6660088587187052,1.7472629135181612768,-366.76920756044512983,4162.489402692276018,-12302699.011922551343,1.7472683129787300691,-366.81106615705626672,2980.5567728264765799,14388953.497662469206
lib_bnnt_M062X_Z-30.FChk,0.0,0.0,-0.0003000000000000001,-1286.938246041045,1.743599377255471,366.7491568590878,-3188.931123936259,1.7435586008913881129,1.7436013402519972775,-366.60030722940290457,1.74359919537805023,-366.71250452643656362,3182.883716488917222,1.7435954275277645682,-366.7281933263876022,4040.8049069333122398,-12034200.139870140475,1.7436003536626856786,-366.78057327068434526,3114.8373579968919846,12479067.361121172857
lib_bnnt_M062X_Z-29.FChk,0.0,0.0,-0.0002900000000000001,-1286.938228623414,1.739932045845441,366.7170425343181,-3233.480072416116,1.7398985660671455871,1.7399354366504507187,-366.58041307991092136,1.739932228813933493,-366.68087460073352352,3143.1014241191159544,1.7399283456402334789,-366.68838251234406184,3921.805399894873215,-11765701.267817731063,1.7399327056741958858,-366.7488318823850769,3230.3761965429113219,10640604.172783263488
lib_bnnt_M062X_Z-28.FChk,0.0,0.0,-0.0002800000000000001,-1286.93821124243,1.736265037830567,366.6844998138292,-3274.255410234838,1.7362385312429030414,1.7362697319903990597,-366.56051893041893805,1.736265576559959148,-366.6496424979541813,3103.3191317493144712,1.7362616559556172651,-366.64974826842730304,3805.4908815769576538,-11497202.395765320194,1.7362653805730964176,-366.71602583847729495,3327.8875179465685232,8873563.932648721173
lib_bnnt_M062X_Z-27.FChk,0.0,0.0,-0.0002700000000000001,-1286.938193898093,1.732598357158135,366.6515789548969,-3308.625429663176,1.7325784964186605157,1.7326042262718423406,-366.54062478092695485,1.7325992346378979978,-366.61880821809853723,3063.5368393795132036,1.7325953468424641347,-366.61226374475012096,3691.8613519795668165,-11228703.523712910782,1.7325983881164713672,-366.68233184298501326,3408.0855516898967261,7177946.6407175650675
lib_bnnt_M062X_Z-26.FChk,0.0,0.0,-0.0002600000000000001,-1286.938176590482,1.728932007260962,366.6183567777675,-3334.005113751197,1.72891846159441797,1.7289389194947805213,-366.52073063143497153,1.7289331990695207655,-366.58837176116659104,3023.7545470097117206,1.7289294069378210886,-366.57590209142530993,3580.9168111026994723,-10960204.651660499914,1.7289317363300759809,-366.64791945763742465,3471.6845272549310737,5553752.296989776789
lib_bnnt_M062X_Z-25.FChk,0.0,0.0,-0.0002500000000000001,-1286.938159319504,1.725265990659939,366.5849363657133,-3348.065154345883,1.7252584267701754442,1.7252738116592136418,-366.50083648194298833,1.7252674658765982542,-366.558333127158343,2983.972254639910453,1.7252638251472340788,-366.5406364585656652,3472.657258946356823,-10691705.779608090501,1.7252654315797597676,-366.61295110186890223,3519.3986741237038758,4000980.9014653739487
lib_bnnt_M062X_Z-24.FChk,0.0,0.0,-0.0002400000000000001,-1286.938142085151,1.721600308804185,366.5514401300681,-3348.91983881119,1.7215983919459328986,1.7216089027651416622,-366.48094233245100498,1.721602031080901187,-366.52869231607379283,2944.1899622701089698,1.7215985906447478494,-366.5064399962839811,3367.0826955105376954,-10423206.907555679632,1.7215994786428892864,-366.57758205281899802,3551.942221778249566,2519632.4541443397065
lib_bnnt_M062X_Z-23.FChk,0.0,0.0,-0.0002300000000000001,-1286.93812488743,1.717934961692056,366.5180064903555,-3335.267127082925,1.7179383571216903628,1.7179441928125646124,-366.46104818295902172,1.7179368907042003567,-366.49944932791294075,2904.4076699003075945,1.7179336928729060873,-366.47328585469305262,3264.193120795242959,-10154708.035503269492,1.7179338807797712454,-366.54196044533244445,3570.0293997006018354,1109706.9550266864026
lib_bnnt_M062X_Z-22.FChk,0.0,0.0,-0.0002200000000000001,-1286.938107726348,1.714269947949618,366.4847854782194,-3306.461518571686,1.7142783222974478271,1.7142796818014824824,-366.44115403346703846,1.7142720407682665165,-366.4706041626757867,2864.6253775305062192,1.7142691215427513107,-366.44114718390567448,3163.9885348004723233,-9886209.163450859352,1.7142686398050753389,-366.50622727195915318,3574.3744373727945072,-228795.59588759007784
lib_bnnt_M062X_Z-21.FChk,0.0,0.0,-0.0002100000000000001,-1286.938090602001,1.710605264762713,366.451927494915,-3262.525173397433,1.7106182874732052914,1.7106153697318952723,-366.4212598839750552,1.7106074772948704295,-366.44215682036233062,2824.843085160704844,1.7106048666338249198,-366.40999713403464144,3066.468937526225789,-9617710.291398449212,1.7106037561592572469,-366.47051638295421563,3565.6915642768613217,-1495875.1985984897328
lib_bnnt_M062X_Z-20.FChk,0.0,0.0,-0.0002000000000000001,-1286.938073514257,1.706940907696859,366.4195850521606,-3204.102475584043,1.7069582526489627556,1.706951256603802982,-366.40136573448307195,1.7069431963057828583,-366.4141073009725726,2785.0607927909034687,1.7069409183941671879,-366.37980885519274823,2971.634328972503356,-9349211.419346039072,1.7069392289799815716,-366.4349544862779029,3544.6950098948360204,-2691531.8531060125597
lib_bnnt_M062X_Z-19.FChk,0.0,0.0,-0.0001900000000000001,-1286.93805646323,1.703276870945036,366.3878900612932,-3132.393110915155,1.7032982178247202199,1.7032873424172056115,-366.38147158499108869,1.7032791938227745662,-366.38645560450651256,2745.2785004211020934,1.7032772673403172591,-366.3505554974927896,2879.4847091393050242,-9080712.547293628932,1.7032750561735447876,-366.3996611475956658,3512.099003708752345,-3815765.5594101585648
lib_bnnt_M062X_Z-18.FChk,0.0,0.0,-0.0001800000000000001,-1286.938039448754,1.699613147278881,366.3569737029534,-3049.059093001786,1.6996381830004776842,1.6996236271721031608,-366.36157743549910543,1.6996154658676163163,-366.35920173096415056,2705.496208051300718,1.6996139042573131504,-366.3222102110475604,2790.0200780266307932,-8812213.675241218791,1.6996112344862981883,-366.36474879027813464,3468.617775200644132,-4868576.3175109277445
lib_bnnt_M062X_Z-17.FChk,0.0,0.0,-0.0001700000000000001,-1286.938022470939,1.695949728514141,366.3269405735092,-2956.174024575363,1.6959781481762351485,1.6959601108684956301,-366.34168328600712217,1.6959520084620788715,-366.33234568034548656,2665.7139156814993426,1.6959508201986917502,-366.2947461459698553,2703.2404356344806637,-8543714.80318880865,1.6959477595760708352,-366.33032269540111955,3414.9655538525451237,-5849964.1274083200988
lib_bnnt_M062X_Z-16.FChk,0.0,0.0,-0.0001600000000000001,-1286.938005529764,1.692286605255838,366.297874240501,-2856.185076605849,1.6923181133519926127,1.692296793506383019,-366.3217891365151389,1.6922888176279329949,-366.30588745265052059,2625.9316233116979673,1.6922880064864888195,-366.26813645237246903,2619.1457819628546353,-8275215.9311363985103,1.6922846260835925064,-366.29648100174561026,3351.8565691464889647,-6759928.9891023356276
lib_bnnt_M062X_Z-15.FChk,0.0,0.0,-0.0001500000000000001,-1286.937988625274,1.688623767611827,366.269831116749,-2751.926806409798,1.688658078527750077,1.6886336750857653279,-366.30189498702315562,1.6886258893869494494,-366.2798270478792526,2586.149330941896592,1.6886254547112389909,-366.24235428036819645,2537.736117011752708,-8006717.05908398837,1.6886218277039166431,-366.2633147057977762,3280.0050505645096364,-7598470.9025929743325
lib_bnnt_M062X_Z-14.FChk,0.0,0.0,-0.0001400000000000001,-1286.937971757297,1.684961205139488,366.2428390033321,-2646.669789190543,1.6849980437035075413,1.6849707556066425565,-366.28200083753117236,1.6849632197608989981,-366.25416446603168266,2546.3670385720952167,1.6849631567319757698,-366.21737278006983224,2459.011440781174882,-7738218.1870315782294,1.6849593572578432998,-366.23090766174896638,3200.125227588640785,-8365589.867880236211
lib_bnnt_M062X_Z-13.FChk,0.0,0.0,-0.00013,-1286.937954925914,1.681298907355004,366.2168887927772,-2544.198580508133,1.6813380088792649659,1.6813080350690146654,-366.26210668803918888,1.6813008047715523644,-366.22889970710781046,2506.58474620229341,1.6813011046762314929,-366.19316510159017092,2382.9717532711203472,-7469719.3149791651776,1.6812972067633420514,-366.1993365814957092,3112.931329700915235,-9061285.884964128421
lib_bnnt_M062X_Z-12.FChk,0.0,0.0,-0.00012,-1286.937938131348,1.677636864059557,366.1919307175904,-2448.87671453676,1.6776779740550224351,1.6776455134728817387,-366.24221253854720565,1.6776386404406803955,-366.20403277110763654,2466.8024538324920887,1.677639290940037494,-366.16970439504200782,2309.61705448159085,-7201220.4429267554015,1.6776353675069751056,-366.16867103463971383,3019.1375863833687179,-9685558.953844635079
lib_bnnt_M062X_Z-11.FChk,0.0,0.0,-0.00011,-1286.937921373271,1.673975065722247,366.1678714382006,-2365.646942303473,1.6740179392307798994,1.6739831908182437268,-366.2223183890552224,1.6739767227900538048,-366.17956365803116064,2427.0201614626907134,1.673977708187923844,-366.14696381053813742,2238.947344412585353,-6932721.570874345261,1.6739738301153199939,-366.13897344848786786,2919.4582271180339126,-10238409.074521765805
lib_bnnt_M062X_Z-10.FChk,0.0,0.0,-0.0001000000000000001,-1286.937904651824,1.670313504137426,366.1445599390894,-2299.878585321408,1.6703579044065373984,1.6703210671051006696,-366.20242423956323932,1.6703150478414433953,-366.15549236787838297,2387.2378690928897154,1.6703163493529195763,-366.1249164981913546,2170.9626230641045892,-6664222.698821937668,1.6703125846263927413,-366.11029910805223928,2814.6074813869456879,-10719836.246995515479
lib_bnnt_M062X_Z-9.FChk,0.0,0.0,-9.000000000000003e-05,-1286.937887967027,1.66665217271316,366.121797218858,-2256.952971098685,1.6666978695822948378,1.6666591423334524727,-366.18253009007125592,1.6666536116166198355,-366.1318189006493029,2347.4555767230880705,1.6666552076365524612,-366.10353560811445364,2105.6628904361468355,-6395723.826769525708,1.6666516205610705932,-366.08269615605007477,2705.299578672135084,-11129840.47126589577
lib_bnnt_M062X_Z-8.FChk,0.0,0.0,-8.000000000000003e-05,-1286.937871318792,1.662991067228677,366.0993288090185,-2241.492107116482,1.6630378347580523021,1.6629974165032992203,-366.16263594057927266,1.6629924101373539727,-366.10854325634392104,2307.6732843532866952,1.6629942765088493209,-366.08279429042022976,2043.0481465287136347,-6127224.9547171155677,1.6629909269945152744,-366.05620559290380203,2592.248748455638324,-11468421.747332896215
lib_bnnt_M062X_Z-7.FChk,0.0,0.0,-7.000000000000004e-05,-1286.937854707232,1.659330186070155,366.0768662451769,-2256.217689155689,1.6593777999338097664,1.6593358896146408879,-366.1427417910872894,1.6593314394254165454,-366.08566543496223716,2267.89099198348532,1.6593335497083357392,-366.0626656952214776,1983.118391341804535,-5858726.0826647054273,1.6593304926275956511,-366.0308612767410275,2476.16922021948844,-11735580.075196519835
lib_bnnt_M062X_Z-6.FChk,0.0,0.0,-6.000000000000002e-05,-1286.937838132145,1.65566953087212,366.0541055570145,-2300.603813768398,1.6557177651095672257,1.6556745616674774703,-366.12284764159530612,1.6556706955025783114,-366.06318543650425132,2228.1086996136838907,1.6556730212420361926,-366.0431229726309919,1925.8736248754194607,-5590227.210612294923,1.6556703058583108069,-366.0066899233945376,2357.7752234457190417,-11931315.454856766847
lib_bnnt_M062X_Z-5.FChk,0.0,0.0,-5.000000000000002e-05,-1286.937821593782,1.652009105922663,366.0307710329061,-2369.744175095994,1.65205773028532469,1.6520134326618089774,-366.10295349210332286,1.6520101743906100437,-366.04110326096996347,2188.3264072438825152,1.6520126853854740449,-366.02413927276156747,1871.3138471295585669,-5321728.3385598847826,1.6520103548532129869,-365.9837111064022984,2237.7809876163642202,-12055627.886313636721
lib_bnnt_M062X_Z-4.FChk,0.0,0.0,-4.000000000000002e-05,-1286.937805091992,1.648348918064135,366.0066596182794,-2454.02311690119,1.6483976954610821518,1.6483525025976354019,-366.08305934261133957,1.648349872111282498,-366.01941890835937363,2148.544114874081113,1.6483525366826715132,-366.005687745725999,1819.4390581042217401,-5053229.4665074744607,1.648350627618830513,-365.96193725700745547,2116.900742213457503,-12108517.369567129782
lib_bnnt_M062X_Z-3.FChk,0.0,0.0,-3.000000000000001e-05,-1286.937788626883,1.6446889756082,365.9816842832127,-2540.0838834369,1.6447376606368396136,1.6446917714749567463,-366.06316519311935628,1.6446897846863664396,-365.9981323786724818,2108.7618225042797107,1.6446925699461496982,-365.98774154163708128,1770.249257799409018,-4784730.5944550641384,1.6446911120730907594,-365.9413736641583343,1995.8487167190327388,-12089983.90461724592
lib_bnnt_M062X_Z-2.FChk,0.0,0.0,-2.000000000000001e-05,-1286.937772198263,1.641029287087447,365.9559020633127,-2613.093489717952,1.6410776258125970767,1.6410312392937730116,-366.04327104362737302,1.6410299081376326329,-365.97724367190928804,2068.9795301344783218,1.6410327802569285705,-365.97027381060760903,1723.7444462151204162,-4516231.722402653907,1.6410317961167430906,-365.92201847450843977,1875.3391406151237392,-12000027.4914639851795
lib_bnnt_M062X_Z-1.FChk,0.0,0.0,-1e-05,-1286.93775580631,1.637369859614969,365.9295114512713,-2659.631488768501,1.6374175909883545378,1.6373709060540841951,-366.02337689413538974,1.6373702384868518378,-365.95675278806979225,2029.1972377646769129,1.6373731629645269682,-365.95325770275037708,1679.9246233513558956,-4247732.850350243539,1.6373726677047818057,-365.90386269241645661,1756.0862433837641711,-11838648.130107347465
lib_bnnt_M062X_Z+0.FChk,0.0,0.0,0.0,-1286.937739450863,1.633710697814465,365.9028302464259,-2670.142791182388,1.6337575561641120014,1.6337107717558903008,-366.00348274464340648,1.6337107717557948217,-365.93665972715399448,1989.4149453948755308,1.6337137136869626097,-365.93666636817818016,1638.7897892081155078,-3979233.9782978333533,1.6337137149178690976,-365.8868901799462492,1638.8042545069879452,-11605845.820547332987
lib_bnnt_M062X_Z+1.FChk,0.0,0.0,1e-05,-1286.937723131991,1.630051802756723,365.8762443099589,-2640.111336381773,1.6300975213398694651,1.6300508363991913264,-365.98358859515142322,1.630051503966232345,-365.9169644891618947,1949.6326530250741488,1.630054428310752078,-365.92047295700381304,1600.3399437853992221,-3710735.1062454231674,1.6300549260337579889,-365.8710776568668615,1524.2074034668287487,-11301620.56278394166
lib_bnnt_M062X_Z+2.FChk,0.0,0.0,2.000000000000001e-05,-1286.937706849805,1.626393171290623,365.8501627758477,-2569.778475151808,1.6264374865156269262,1.6263910999839872693,-365.96369444565943993,1.6263924311399351683,-365.89766707409349297,1909.8503606552727397,1.6263953029909108283,-365.9046506193400704,1564.5750870832070151,-3442236.2341930127996,1.6263962895987152856,-365.8563947006525171,1413.0099197453202756,-10925972.356817173204
lib_bnnt_M062X_Z+3.FChk,0.0,0.0,3.000000000000001e-05,-1286.937690604136,1.6227347965109,365.8249708408474,-2462.853556830424,1.6227774516913843893,1.622731562510278134,-365.94380029616745667,1.6227335492986740591,-365.87876748194878926,1870.0680682854713509,1.6227363341509531948,-365.88917250529974712,1531.4952191015389299,-3173737.3621406025684,1.6227377944989445317,-365.8428037464826194,1305.9260328244964285,-10478901.202647028049
lib_bnnt_M062X_Z+4.FChk,0.0,0.0,4.000000000000002e-05,-1286.937674395122,1.619076667748385,365.8010082208089,-2324.905141019523,1.6191174168671418511,1.619072223978063917,-365.92390614667547338,1.6190748544642197771,-365.86026571272778354,1830.2857759156699486,1.6190775184828923763,-365.87401176499563787,1501.1003398403949378,-2905238.490088192246,1.619079430032008945,-365.83026008724175143,1203.6699721863908846,-9960407.100273505831
lib_bnnt_M062X_Z+5.FChk,0.0,0.0,5.000000000000002e-05,-1286.937658222648,1.615418771296889,365.7785557748252,-2161.963245895531,1.6154573820428993129,1.6154130843873446201,-365.9040119971834901,1.6154163426583430868,-365.84216176643047586,1790.5034835458685464,1.6154188529472404477,-365.85914154854053748,1473.3904492997750507,-2636739.6180357819237,1.6154211859782543748,-365.81871187351967575,1106.9559673130374514,-9370490.049696606692
lib_bnnt_M062X_Z+6.FChk,0.0,0.0,6.000000000000002e-05,-1286.937642086719,1.611761091003566,365.7578340011806,-1979.568774567258,1.6117973472186567772,1.6117541437381202454,-365.88411784769150684,1.6117580099028147535,-365.82445564305686617,1750.7211911760671711,1.6117603347730083575,-365.84453500604724063,1448.3655474796792844,-2368240.7459833717835,1.6117630526722322489,-365.80810011361133477,1016.4982476864699563,-8709150.050916331104
lib_bnnt_M062X_Z+7.FChk,0.0,0.0,7.000000000000004e-05,-1286.937625987375,1.608103608263466,365.7390139149832,-1782.239090382208,1.6081373123944142365,1.6080954020303907856,-365.86422369819952355,1.6080998522194055328,-365.80714734260695448,1710.9388988062657418,1.6081019614577059166,-365.8301652876285421,1426.0256343801075907,-2099741.8739309612793,1.6081050210741225092,-365.79835867351685025,933.01104278872199194,-7976387.103932677649
lib_bnnt_M062X_Z+8.FChk,0.0,0.0,8.000000000000003e-05,-1286.937609924554,1.60444630381128,365.7222280181342,-1573.175806460551,1.6044772775701717008,1.6044368592641562507,-365.8443295487075403,1.6044418656298861977,-365.7902368650807408,1671.1566064364643664,1.6044437307673418246,-365.81600554339723672,1406.3707100010600304,-1831243.0018785511388,1.6044470828411565886,-365.78941427694152408,857.2085821018275547,-7172201.208745648313
lib_bnnt_M062X_Z+9.FChk,0.0,0.0,9.000000000000003e-05,-1286.937593898429,1.600789156549853,365.7075843485572,-1353.965675075949,1.6008172427459291651,1.6007785154394166355,-365.82443539921555703,1.6007840461560275063,-365.7737242104782252,1631.3743140666629912,1.6007856407364236386,-365.80202892346611918,1389.4007743425365712,-1562744.1298261409984,1.6007892303990403257,-365.78118650529583747,789.80509510782029853,-6296592.365355242154
lib_bnnt_M062X_Z+10.FChk,0.0,0.0,0.0001000000000000001,-1286.937577908829,1.59713214464212,365.6951845933315,-1123.946269773442,1.5971572079216866045,1.5971203705561719154,-365.80454124972357363,1.5971263898196001969,-365.75760937879940746,1591.5920216968613463,1.597127689667957768,-365.78820857794798413,1375.1158274045371255,-1294245.2577737290387,1.5971314570133769085,-365.77358779769545125,731.5148112887336186,-5349560.573761452509
lib_bnnt_M062X_Z+11.FChk,0.0,0.0,0.00011,-1286.937561955795,1.59347524496407,365.6851555529318,-878.7351384791353,1.5934971730974441035,1.5934624246144221746,-365.78464710023159057,1.5934688926423751165,-365.74189237004428799,1551.8097293270603484,1.5934698761334496035,-365.77451765695562672,1363.515869187061984,-1025746.38572132144554,1.5934737568610899516,-365.76652345096120628,683.05196012660248683,-4331105.8339643022164
lib_bnnt_M062X_Z+12.FChk,0.0,0.0,0.00012,-1286.937546039342,1.589818432972125,365.6776965622871,-606.9955488100737,1.5898371382732015678,1.5898046776141673189,-365.7647529507396073,1.5898115506461229341,-365.7265731842128664,1512.027436957258973,1.589812198972903229,-365.7609293106018413,1354.6008996901108211,-757247.5136689113051,1.5898161251018461574,-365.75989161961912266,645.13077110345934045,-3241228.1459637657745
lib_bnnt_M062X_Z+13.FChk,0.0,0.0,0.00013,-1286.937530159389,1.586161681267482,365.6731851399161,-283.5125765493008,1.586177103448959037,1.586147129555407388,-365.74485880124762407,1.5861543598526144524,-365.71165182130514285,1472.2451445874576517,1.5861546572948217342,-365.74741668899942276,1348.370918913683766,-488748.6416165015287,1.5861585579494785753,-365.75358331590040034,618.46547370133844423,-2079927.5097598541306
lib_bnnt_M062X_Z+14.FChk,0.0,0.0,0.0001400000000000001,-1286.937514316106,1.582504957009882,365.6723732438251,145.8779064677585,1.5825170686247164616,1.5824897804381423324,-365.7249646517556406,1.5824973162836203849,-365.69712828132111712,1432.4628522176558449,1.5824972504762069925,-365.73395294226116575,1344.8259268577807778,-220249.76956408847718,1.582501052743409328,-365.74748240974141894,603.7702974022734749,-847203.92535255038365
lib_bnnt_M062X_Z+15.FChk,0.0,0.0,0.0001500000000000001,-1286.937498509352,1.578848216457512,365.6768329284529,798.9705472048149,1.5788570338004739258,1.5788326302623722361,-365.70507050226365733,1.5788404159609115787,-365.6830025642607896,1392.6805598478544697,1.5788399781625598821,-365.72051122049986527,1343.9659235224019438,48249.10248832166326,1.578843608020072782,-365.74146562878373787,601.7594716882985032,456942.60725811721068
lib_bnnt_M062X_Z+16.FChk,0.0,0.0,0.0001600000000000001,-1286.937482739093,1.575191391895201,365.6899582965038,1945.619825823006,1.5751969989762313901,1.5751756790280970599,-365.68517635277167405,1.5751836549062587573,-365.66927467012416003,1352.8982674780530944,1.5751828402678800301,-365.70706467382831595,1345.7909089075472109,316747.9745407318037,1.5751862235843382389,-365.7354025583740959,613.14722604144711204,1832512.0880721616295
lib_bnnt_M062X_Z+17.FChk,0.0,0.0,0.0001700000000000001,-1286.937467005509,1.571534363591935,365.7195382955079,4265.673764485253,1.5715369641519888544,1.5715189267353168033,-365.6652822032796908,1.5715270291414326837,-365.65594459891122853,1313.1159751082517191,1.5715258369746659745,-365.69358645235931257,1350.3008830132165793,585246.8465931419437,1.571528900580933046,-365.72915564156441168,638.6477899437529464,3279504.5170895828737
lib_bnnt_M062X_Z+18.FChk,0.0,0.0,0.0001800000000000001,-1286.937451308523,1.567876884138008,365.7852203561002,9676.265165350636,1.5678769293277463187,1.5678623733840314667,-365.64538805378770753,1.5678705346882041211,-365.643012350621995,1273.3336827384503437,1.5678689687339151266,-365.6800497062056499,1357.4958458394100488,853745.7186455520841,1.567871641565865506,-365.72258017911178354,678.975392877249988,4797919.8943103809424
lib_bnnt_M062X_Z+19.FChk,0.0,0.0,0.0001900000000000001,-1286.937435647975,1.564218375682733,365.9368955967728,21617.37004469621,1.564216894503503783,1.5642060189742410498,-365.62549390429572427,1.5642141675683438321,-365.63047792525645951,1233.5513903686489683,1.5642122362651237685,-365.66642758548012263,1367.3757973861276195,1122244.5906979622246,1.5642144505778478246,-365.71552432947848932,734.8442643239718819,6387758.219734555836
lib_bnnt_M062X_Z+20.FChk,0.0,0.0,0.0002000000000000001,-1286.937420024118,1.560558033047002,366.0700658763677,-15954.32854665544,1.5605568596792612473,1.5605498635059455529,-365.605599754803741,1.5605579238036225802,-365.618341322814622,1193.769097998847593,1.5605556405562870551,-365.65269324029552558,1379.9407376533692913,1390743.462750372365,1.5605573332097190593,-365.70782910883198658,806.9686337659523698,8049019.4933621075556
lib_bnnt_M062X_Z+21.FChk,0.0,0.0,0.0002100000000000001,-1286.93740443684,1.556898711271364,365.8047085184019,-15323.1495955118,1.5568968248550187115,1.5568939069791449757,-365.58570560531175775,1.556901799415811128,-365.60660254329648255,1153.9868056290462177,1.5568991828638990128,-365.6388198207646535,1395.1906666411350644,1659242.3348027825054,1.556900296679868066,-365.6993283910449126,896.06273068522528846,9781703.715193036099
lib_bnnt_M062X_Z+22.FChk,0.0,0.0,0.0002200000000000001,-1286.937388886129,1.553240903742985,365.7795036801956,-6609.412844728035,1.5532367900307761757,1.5532381493938393184,-365.5658114558197745,1.5532457904266802389,-365.5952615867020411,1114.2045132592448424,1.5532428647129525409,-365.62478047700030115,1413.1255843494249385,1927741.2068551926459,1.5532433499036564492,-365.68984890769508433,1002.8407845638243798,11585810.885227341469
lib_bnnt_M062X_Z+23.FChk,0.0,0.0,0.0002300000000000001,-1286.937373371961,1.549584252529847,365.5311259588733,-20682.50332443479,1.54957675520653364,1.5495825907500285808,-365.54591730632779123,1.5495898928580006755,-365.58431845303129767,1074.4222208894434671,1.5495866878969394098,-365.61054835911526323,1433.7454907782389139,2196240.0789076027859,1.5495865035648415092,-365.67921024806549826,1128.0170248837833847,13461341.003465023663
lib_bnnt_M062X_Z+24.FChk,0.0,0.0,0.0002400000000000001,-1286.937357894402,1.545929541057898,365.4491456090701,2620.517101809182,1.5459167203822911043,1.5459272310477127632,-365.52602315683580797,1.5459341027315432012,-365.57377314228425222,1034.6399285196420917,1.5459306544778502625,-365.59609661722233462,1457.0503859275769905,2464738.9509600129263,1.5459297701869991902,-365.6672248591443307,1272.3056811271360448,15408294.069906082681
lib_bnnt_M062X_Z+25.FChk,0.0,0.0,0.0002500000000000001,-1286.9373424534,1.542274511001785,365.6018649244024,27981.13851951112,1.5422566855580485586,1.5422720702868918555,-365.50612900734382463,1.542278416069078569,-365.5636256544609048,994.8576361498406086,1.5422747667861746041,-365.58139840143430996,1483.0402697974392421,2733237.8230124237944,1.5422731642049470189,-365.65369804562493738,1436.4209827759165454,17426670.084550524092
lib_bnnt_M062X_Z+26.FChk,0.0,0.0,0.0002600000000000001,-1286.937327049002,1.538617614739299,365.7004868790741,-6375.991696742899,1.5385966507338060329,1.5386171084675658873,-365.48623485785184142,1.5386228288923775714,-365.55387598956125542,955.07534378003934106,1.5386190274209008513,-365.56642686186398408,1511.7151423878254469,3001736.6950648332072,1.5386167020361671027,-365.63842796990585415,1621.0771593121574872,19516469.047398331193
lib_bnnt_M062X_Z+27.FChk,0.0,0.0,0.0002700000000000001,-1286.937311681021,1.534960474796371,365.7829026944071,24616.61333226062,1.5349366159095634872,1.5349623455897348193,-365.4663407083598581,1.5349673372232109321,-365.544524147585304,915.29305141023785797,1.5349634392495162236,-365.55115514862415166,1543.0750036987359156,3270235.5671172440752,1.5349604021522289675,-365.62120565209079592,1826.9884402178947882,21677690.958449526643
lib_bnnt_M062X_Z+28.FChk,0.0,0.0,0.0002800000000000001,-1286.937296349795,1.531301606081223,365.9125260894847,-16069.4252512113,1.5312765810853209615,1.5313077816533986908,-365.4464465588678749,1.5313119370833494536,-365.53557012853305067,875.5107590404365905,1.5313080054080068914,-365.5355564118276076,1577.1198537301703081,3538734.4391696534876,1.531304285150212656,-365.60181496998865786,2054.8690549751592145,23910335.817704087007
lib_bnnt_M062X_Z+29.FChk,0.0,0.0,0.0002900000000000001,-1286.937281055081,1.527643602956427,365.6881590752078,-19336.32650158286,1.5276165462610784158,1.5276534166585574624,-365.4265524093758916,1.5276566244945638595,-365.5270139324044953,835.7284666706351073,1.5276527293008578184,-365.51960380158714653,1613.8496924821289936,3807233.3112220643561,1.5276483738241315167,-365.58003265911351418,2305.4332330659875114,26214403.625162036491
lib_bnnt_M062X_Z+30.FChk,0.0,0.0,0.0003000000000000001,-1286.937265796876,1.523987515927247,365.5435811306405,-10707.71079964775,1.5239565114368358899,1.5239992506052111736,-365.40665825988390839,1.5240013954786249521,-365.51885555919963797,795.9461743008338398,1.5239976146010529195,-365.5032704680155633,1653.2645199546115741,4075732.1832744737685,1.5239926932363553106,-365.55562831268461946,2579.395203972411157,28589894.380823350119
lib_bnnt_M062X_Z+31.FChk,0.0,0.0,0.0003100000000000001,-1286.937250575254,1.520332541045991,365.4574276078113,-7038.417347881649,1.5202964766125933444,1.5203452834933597848,-365.38676411039192507,1.5203462460573034551,-365.51109500891847862,756.1638819310323566,1.5203426652500749021,-365.48652956122565255,1695.3643361476184765,4344231.0553268846365,1.520337270789033001,-365.52836438162640725,2877.4691971764657996,31036808.084688053641
lib_bnnt_M062X_Z+32.FChk,0.0,0.0,0.0003200000000000001,-1286.937235390199,1.51667828606392,365.3962885142524,-5390.043145007537,1.5166364417883508185,1.5166915153230033358,-365.36686996089994187,1.5166911722523701709,-365.50373228156101732,716.3815895612310891,1.5166878854579054254,-365.4693542313302092,1740.1491410611492445,4612729.9273792940494,1.5166821362955158604,-365.49799617456849127,3200.3694421601828601,33555144.736756120532
lib_bnnt_M062X_Z+33.FChk,0.0,0.0,0.0003300000000000002,-1286.9372202417,1.513024576615009,365.3469793829177,-4557.333444759073,1.5129764069641082331,1.513037946094141747,-365.34697581140795833,1.5130361700855957833,-365.4967673771272539,676.5992971914291747,1.5130332797030249016,-365.45171762844202762,1787.6189346952048932,4881228.7994317078283,1.5130273220517802201,-365.46427185784566413,3548.8101684056039014,36144904.337027606558
lib_bnnt_M062X_Z+34.FChk,0.0,0.0,0.0003400000000000001,-1286.937205129754,1.509371325767658,365.3039707134489,-4083.749637136581,1.5093163721398657471,1.5093845758067751772,-365.32708166191597532,1.5093812355787512141,-365.49020029561718872,636.81700482162833854,1.5093788527324128521,-365.43359290267390335,1837.7737170497833199,5149727.6714841143303,1.5093728629078507759,-365.42693245549790015,3923.5056053947461778,38806086.885502398247
lib_bnnt_M062X_Z+35.FChk,0.0,0.0,0.0003500000000000002,-1286.937190054334,1.505718484657241,365.26475496153,-3778.28628046712,1.5056563373156231617,1.5057314044609034282,-365.3071875124239918,1.5057263647536070279,-365.48403103703082137,597.034712451826424,1.5057246095615473145,-365.4149532041386302,1890.6134881248872436,5418226.543536528109,1.5057187963392229406,-365.38571184927034996,4325.1699826096635535,41538692.382180639852
lib_bnnt_M062X_Z+36.FChk,0.0,0.0,0.0003600000000000001,-1286.937175015379,1.502066022098934,365.2281352529928,-3555.159106028734,1.5019963024913806757,1.502078432056526698,-365.2872933629320088,1.502071553631934186,-365.47825960136815218,557.25242008202558786,1.5020705554744055946,-365.39577168294900392,1946.1382479205137999,5686725.4155889346102,1.5020651625182865461,-365.3403367786133477,4754.517529532368732,44342720.82706218326
lib_bnnt_M062X_Z+37.FChk,0.0,0.0,0.0003700000000000002,-1286.93716001295,1.498413915337282,365.193512517872,-3374.598008293751,1.4983362676671380903,1.4984256585936447886,-365.26739921344002526,1.4984167982355032532,-365.47288598862918088,517.47012771222367333,1.4984166960234634737,-365.37602148921781817,2004.3479964366659984,5955224.28764134839,1.4984120043857479989,-365.29052684068240298,5212.262475644918946,47218172.22014718045
lib_bnnt_M062X_Z+38.FChk,0.0,0.0,0.0003800000000000002,-1286.937145047055,1.494762146272409,365.1605631391549,-3218.265708154773,1.4946762328428955644,1.4947730840722578586,-365.24750506394804206,1.494762094586085151,-365.46791019881390764,477.68783534242240585,1.4947630370296959618,-365.3556757730578686,2065.242733673341359,6223723.1596937578024,1.4947593677220539815,-365.2359944903382093,5699.119050429328763,50165046.561435507905
lib_bnnt_M062X_Z+39.FChk,0.0,0.0,0.0003900000000000002,-1286.937130117708,1.491110699140794,365.1290930401157,-3078.102108183497,1.4910161980186530189,1.4911207084923658284,-365.22761091445605874,1.4911074387054505633,-365.46333223192233242,437.90554297262092276,1.4911095845825767034,-365.3347076845819496,2128.8224596305411582,6492222.031746168671,1.4911073012188138052,-365.17644504014663673,6215.8014833676400097,53183343.85092722835
lib_bnnt_M062X_Z+40.FChk,0.0,0.0,0.0004000000000000002,-1286.937115224877,1.487459559979549,365.0989577975294,-2950.988459197989,1.487356163194410493,1.487468531853968738,-365.20771676496407554,1.4874528266153702927,-365.45915208795445522,398.12325060281965527,1.487456345040078334,-365.31309037390285605,2195.0871743082647067,6760720.9037985780833,1.4874558565502227155,-365.1115766603787367,6763.0240039418842564,56273064.088622309067
lib_bnnt_M062X_Z+41.FChk,0.0,0.0,0.0004100000000000002,-1286.937100368587,1.483808715958231,365.0700328702823,-2836.097173263625,1.4836961283701679474,1.4838165541570665475,-365.18782261547209222,1.4837982543376150626,-365.45536976691027603,358.34095823301817207,1.4838033250286722816,-365.29079699113338256,2264.0368777065127226,7029219.775850988951,1.4838050884444846431,-365.04108037901073908,7341.5008416340982125,59434207.27452078355
lib_bnnt_M062X_Z+42.FChk,0.0,0.0,0.0004200000000000002,-1286.937085548725,1.480158155659194,365.0422108949611,-2733.543582379915,1.4800360935459254216,1.4801647754016592967,-365.16792846598010902,1.4801437178939556755,-365.45198526878979486,318.5586658632169046,1.4801505314433289256,-365.26780068638632404,2335.6715698252844589,7297718.647903398364,1.4801550547552353087,-364.96464008172405483,7951.946225926311085,62666773.408622617528
lib_bnnt_M062X_Z+43.FChk,0.0,0.0,0.0004300000000000002,-1286.937070765372,1.476507868843066,365.01531973147,-2643.701607830439,1.4763760587216828759,1.476513195587746946,-365.1480343164881257,1.4764892133061628549,-365.4489985935930117,278.7763734934154214,1.4764979714475174385,-365.24407460977447512,2409.9912506645806916,7566217.5199558092318,1.4765058165329650146,-364.88193251190527278,8595.074386300561178,65970762.490927846047
lib_bnnt_M062X_Z+44.FChk,0.0,0.0,0.0004400000000000002,-1286.937056018488,1.472857846488642,364.9892776891457,-2566.808562778653,1.4727160238974403502,1.472861814715329535,-365.1281401669961425,1.4728347365960074036,-365.44640974131992656,238.9940811236141539,1.4728456524732059435,-365.21959191141063067,2486.9959202244006156,7834716.392008218645,1.4728574380964417499,-364.7926272706461633,9271.59955223887918,69346174.521436433286
lib_bnnt_M062X_Z+45.FChk,0.0,0.0,0.0004500000000000002,-1286.937041308162,1.469208080963677,364.9639405408951,-2502.790353967529,1.4690559890731978045,1.4692106327844070237,-365.10824601750415916,1.4691802837852600447,-365.44421871197053941,199.21178875381267082,1.469193582220861357,-365.19432574140758535,2566.6855785047450653,8103215.2640606295126,1.4692099871041339815,-364.69638681674367478,9982.235953223301914,72793009.50014841584
lib_bnnt_M062X_Z+46.FChk,0.0,0.0,0.0004600000000000002,-1286.937026634359,1.465558565800911,364.9391806732577,-2451.157082975049,1.4653959542489552786,1.4655596497949794523,-365.08835186801217595,1.4655258508956915811,-365.4424255055448503,159.42949638401140333,1.465541768659449547,-365.16824924987813403,2649.060225505613177,8371714.136113038925,1.4655635346256337595,-364.5928664666999369,10727.697818735858471,76311267.42706375635
lib_bnnt_M062X_Z+47.FChk,0.0,0.0,0.0004700000000000002,-1286.937011997004,1.461909295811812,364.9148789095684,-2410.974766229746,1.4617359194247127331,1.461908865747046781,-365.06845771852019264,1.4618714339490727361,-365.44103012204285919,119.64720401420992013,1.4618902200264351737,-365.1413355869350713,2734.1198612270058437,8640213.0081654497935,1.4619181552130795082,-364.48171439472225697,11508.699378258588812,79900948.302182492946
lib_bnnt_M062X_Z+48.FChk,0.0,0.0,0.0004800000000000002,-1286.936997396128,1.458260267007369,364.8909274282869,-2380.89365662755,1.4580758846004702072,1.4582582806406090491,-365.04856356902820944,1.4582170289671743122,-365.4400325614645661,79.86491164440865265,1.458238944827781849,-365.1135579026911922,2821.8644856689221432,8908711.880217859206,1.4582739269725791319,-364.36257163272312454,12325.954861273518889,83562052.125504586715
